<?xml version="1.0" encoding="UTF-8"?>
<project-private xmlns="http://www.netbeans.org/ns/project-private/1">
    <editor-bookmarks xmlns="http://www.netbeans.org/ns/editor-bookmarks/2" lastBookmarkId="0"/>
    <open-files xmlns="http://www.netbeans.org/ns/projectui-open-files/2">
        <group>
            <file>file:/C:/Users/Victor/Documents/NetBeansProjects/entregaTres/src/java/entities/service/AlunosFacadeREST.java</file>
            <file>file:/C:/Users/Victor/Documents/NetBeansProjects/entregaTres/src/java/entities/AlunosJpaController.java</file>
            <file>file:/C:/Users/Victor/Documents/NetBeansProjects/entregaTres/src/java/entities/service/ApplicationConfig.java</file>
            <file>file:/C:/Users/Victor/Documents/NetBeansProjects/entregaTres/src/java/entities/Alunos.java</file>
            <file>file:/C:/Users/Victor/Documents/NetBeansProjects/entregaTres/src/java/entities/service/AbstractFacade.java</file>
            <file>file:/C:/Users/Victor/Documents/NetBeansProjects/entregaTres/src/conf/persistence.xml</file>
        </group>
    </open-files>
</project-private>
